Title,Company,Location,Link,Source
Junior Developer Backend,Reply Polska Sp. z o. o.,Katowice,https://justjoin.it/job-offer/reply-polska-sp-z-o-o-junior-developer-backend,justjoin.it
Dialogue Designer,Lekta AI,Kraków,https://justjoin.it/job-offer/lekta-ai-dialogue-designer-krakow-java,justjoin.it
Młodszy Programista Java – Staż,PSI Polska Sp. z o.o.,Poznań,https://justjoin.it/job-offer/psi-polska-sp-z-o-o--mlodszy-programista-java---staz-poznan-java,justjoin.it
Staż w IT - Java Developer #LikeABosch,Bosch Polska,Warszawa,https://justjoin.it/job-offer/bosch-polska-staz-w-it---java-developer-likeabosch-warszawa-java,justjoin.it
Java Developer with French/German,Sollers Consulting Sp. z.o.o,Warszawa,https://justjoin.it/job-offer/sollers-consulting-sp-z-o-o-java-developer-with-french-german,justjoin.it
Junior Full Stack Developer (Java i React),FINANTEQ,Lublin,https://justjoin.it/job-offer/finanteq-junior-full-stack-developer-java-i-react--lublin-java,justjoin.it
Junior Java Developer,UNIVIO,Wrocław,https://justjoin.it/job-offer/univio-junior-java-developer-wroclaw-java,justjoin.it
Software Engineer Intern,VISA,Warszawa,https://justjoin.it/job-offer/visa-software-engineer-intern-warszawa-java,justjoin.it
Młodszy Programista Java,Redge Technologies,Warszawa,https://justjoin.it/job-offer/redge-technologies-mlodszy-programista-java-warszawa-java,justjoin.it
"Software Engineering, Site Reliability Engineering BS/MS Intern, 2025",Google,Warszawa,https://justjoin.it/job-offer/google-software-engineering-site-reliability-engineering-bs-ms-intern-2025-warszawa-java,justjoin.it
Strong Junior Java Developer,Sigma Software,Kraków,https://justjoin.it/job-offer/sigma-software-strong-junior-java-developer-krakow-java,justjoin.it
"Software Engineer II, Kubernetes UI Infrastructure",Google,Warszawa,https://justjoin.it/job-offer/google-software-engineer-ii-kubernetes-ui-infrastructure-warszawa-java,justjoin.it
Junior Java Developer,Link Group,Warszawa,https://justjoin.it/job-offer/link-group-junior-java-developer-warszawa-java,justjoin.it
Junior Automation Tester/QA (Java),SCALO,Warszawa,https://justjoin.it/job-offer/scalo-junior-automation-tester-qa-java--warszawa-java,justjoin.it
Junior JAVA Developer  NOWA,Fair Place Finance S.A.,Łódź,https://nofluffjobs.com/pl/job/java-developer-fair-place-finance-lodz-3,nofluffjobs.com
Remote Junior Java Developer,Link Group,Zdalnie,https://nofluffjobs.com/pl/job/remote-junior-java-developer-link-group,nofluffjobs.com
Junior Java Developer,P&P Solutions Sp. z o.o.,Warszawa,https://nofluffjobs.com/pl/job/junior-java-developer-p-p-solutions-warszawa,nofluffjobs.com
Software Engineer  NOWA,Bamboo Health Sp. z o.o.,Zdalnie,https://nofluffjobs.com/pl/job/software-engineer-bamboo-health-remote-3,nofluffjobs.com
Junior Automation Tester/QA (Java)  NOWA,Scalo,Zdalnie,https://nofluffjobs.com/pl/job/junior-automation-tester-qa-java-scalo-remote,nofluffjobs.com
Junior Automation Tester,Reply Polska,Katowice,https://nofluffjobs.com/pl/job/junior-automation-tester-reply-polska-katowice,nofluffjobs.com
Tester oprogramowania,21CN | testerzy.pl,Chorzów,https://nofluffjobs.com/pl/job/tester-oprogramowania-21cn-testerzy-pl-chorzow,nofluffjobs.com
Java Software Engineer - Intern,Ink Solutions sp. z o.o,Kraków,https://nofluffjobs.com/pl/job/java-software-engineer-intern-ink-solutions-krakow,nofluffjobs.com
"Internship in IT (Java, DevOps, BigData, BSA)",Grid Dynamics,Wrocław,https://nofluffjobs.com/pl/job/internship-in-it-java-devops-bigdata-bsa-grid-dynamics-wroclaw,nofluffjobs.com
Junior Web Specialist  NOWA,Admind,Zdalnie,https://nofluffjobs.com/pl/job/junior-web-specialist-admind-remote,nofluffjobs.com
Junior Blockchain Developer,Invariant,Zdalnie,https://nofluffjobs.com/pl/job/junior-blockchain-developer-invariant-remote-3,nofluffjobs.com
Junior Developer,GFT Poland,Warszawa,https://nofluffjobs.com/pl/job/junior-developer-gft-poland-warszawa-1,nofluffjobs.com
Automation Tester / QA  NOWA,Scalo,Zdalnie,https://nofluffjobs.com/pl/job/automation-tester-qa-scalo-remote-xg9dfjuq,nofluffjobs.com
Blockchain Software Engineer - Mid/Senior  NOWA,Revolut,Zdalnie,https://nofluffjobs.com/pl/job/blockchain-software-engineer-mid-senior-revolut-remote-seonwga1,nofluffjobs.com
Senior Java Engineer,AVENGA,Zdalnie,https://nofluffjobs.com/pl/job/senior-java-engineer-avenga-remote-kmxyqg2y,nofluffjobs.com
Senior Java Software Engineer  NOWA,Avenga,Zdalnie,https://nofluffjobs.com/pl/job/senior-java-software-engineer-avenga-remote-sxt4xzqe,nofluffjobs.com
Java Developer,PKO Finat,Warszawa,https://nofluffjobs.com/pl/job/java-developer-pko-finat-warszawa-orhokmub,nofluffjobs.com
Quality Assurance Specialist  NOWA,zondacrypto,Zdalnie,https://nofluffjobs.com/pl/job/quality-assurance-specialist-zondacrypto-remote-qdn6phna,nofluffjobs.com
Remote Mid Java Developer,Link Group,Zdalnie,https://nofluffjobs.com/pl/job/remote-mid-java-developer-link-group-xsvcq9xw,nofluffjobs.com
Java Developer,Antal Sp. z.o.o.,Poznań,https://nofluffjobs.com/pl/job/java-developer-antal-poznan-6qpn0wys,nofluffjobs.com
Junior Cloud Engineer,Reply Polska Sp. z o.o.,Katowice,"https://www.pracuj.pl/praca/junior-cloud-engineer-katowice-wroclawska-54,oferta,1003695542",pracuj.pl
Software Engineer II - Virtual Machines,Google,"Warszawa, Śródmieście","https://www.pracuj.pl/praca/software-engineer-ii-virtual-machines-warszawa-emilii-plater-53,oferta,1003694888",pracuj.pl
Junior Java Developer,Link Group Sp. z o.o.,Warszawa,"https://www.pracuj.pl/praca/junior-java-developer-warszawa,oferta,1003663255",pracuj.pl
Student Training in Engineering Program (STEP) Intern,Google,2 lokalizacje,https://pracodawcy.pracuj.pl/company/18740466?pid=1003665813&multiple=true,pracuj.pl
Junior Java Developer,SKYSOFTER SPÓŁKA Z OGRANICZONĄ ODPOWIEDZIALNOŚCIĄ SPÓŁKA KOMANDYTOWA,Miejsce pracy:Cała Polska (praca zdalna)Siedziba firmy:Poznań,"https://www.pracuj.pl/praca/junior-java-developer-poznan,oferta,1003680390",pracuj.pl
Internship in IT Consulting - Salesforce Marketing Cloud,Accenture Technology,Miejsce pracy:Cała Polska (praca zdalna)Siedziba firmy:Warszawa,"https://www.pracuj.pl/praca/internship-in-it-consulting-salesforce-marketing-cloud-warszawa,oferta,1003694569",pracuj.pl
Junior Full Stack Engineer,INK SOLUTIONS SPÓŁKA Z OGRANICZONĄ ODPOWIEDZIALNOŚCIĄ,"Kraków, Stare Miasto","https://www.pracuj.pl/praca/junior-full-stack-engineer-krakow-swietego-jana-20,oferta,1003667272",pracuj.pl
Junior Automation Tester/QA (Java),Scalo Sp. z o.o.,Miejsce pracy:Cała Polska (praca zdalna)Siedziba firmy:Warszawa,"https://www.pracuj.pl/praca/junior-automation-tester-qa-java-warszawa,oferta,1003642554",pracuj.pl
Junior Java Developer,Hays Poland,Warszawa,"https://www.pracuj.pl/praca/junior-java-developer-warszawa,oferta,1003692577",pracuj.pl
Młodszy Programista ORACLE,SOFTLOG Sp. z o.o. Sp.k.,"Wrocław, Psie Pole","https://www.pracuj.pl/praca/mlodszy-programista-oracle-wroclaw-mydlana-1,oferta,1003628539",pracuj.pl
Programista Java,FIRMA ALLIANCE AUTOMOTIVE SYSTEMS SP. Z O.O.,"Poznań, Jeżyce","https://www.pracuj.pl/praca/programista-java-poznan-dabrowskiego-29,oferta,1003673597",pracuj.pl
Application Security Specialist (She/He/They),Accenture Technology,Warszawa,"https://www.pracuj.pl/praca/application-security-specialist-she-he-they-warszawa,oferta,1003690215",pracuj.pl
Programista Java (Systemy ERP),Streamsoft,"Kraków, Prądnik Biały","https://www.pracuj.pl/praca/programista-java-systemy-erp-krakow-opolska-18,oferta,1003630681",pracuj.pl
Tester Manualny - Junior,CPL Jobs .,Warszawa,"https://www.pracuj.pl/praca/tester-manualny-junior-warszawa,oferta,1003665428",pracuj.pl
Mulesoft Developer,Capgemini Polska,8 lokalizacji,https://pracodawcy.pracuj.pl/company/18804842?pid=1003671450&multiple=true,pracuj.pl
Graduate Software Engineer,VISA,"Warszawa, Wola","https://www.pracuj.pl/praca/graduate-software-engineer-warszawa-chmielna-73,oferta,1003662879",pracuj.pl
Software Engineer Intern,VISA,"Warszawa, Wola","https://www.pracuj.pl/praca/software-engineer-intern-warszawa-chmielna-73,oferta,1003662173",pracuj.pl
Junior Java Developer,Programista,Kraków,"https://www.pracuj.pl/praca/junior-java-developer-krakow,oferta,1003682257",pracuj.pl
